id,user_name,message,timestamp,hasImage
1175,"Registered user_1","StrongAccept","2025-10-18T21:52:25.329",1
1174,"Registered user_1","StrongAccept","2025-10-18T21:52:17.065",1
1173,"Registered user_1","StrongAccept","2025-10-18T21:51:56.162",1
1172,"Registered user_1","StrongAccept","2025-10-18T21:51:47.108",1
1171,"Registered user_1","StrongAccept","2025-10-17T20:12:51.391",1
1170,"Registered user_1","StrongAccept","2025-10-17T20:10:44.197",1
1169,"Registered user_1","StrongAccept","2025-10-17T20:09:38.400",1
1168,"Registered user_1","StrongAccept","2025-10-17T01:15:58.597",1
1167,"Registered user_1","StrongAccept","2025-10-17T01:15:40.719",1
1166,"Registered user_1","StrongAccept","2025-10-17T01:15:24.490",1
1165,"Registered user_1","StrongAccept","2025-10-15T10:13:22.605",1
1164,"Registered user_1","StrongAccept","2025-10-15T10:05:01.957",1
1163,"Registered user_1","StrongAccept","2025-10-15T10:04:58.778",1
1162,"Registered user_1","StrongAccept","2025-10-15T10:04:52.091",1
1161,"Registered user_1","StrongAccept","2025-10-15T10:04:49.081",1
1160,"Registered user_1","StrongAccept","2025-10-15T10:04:41.178",1
1159,"Registered user_1","StrongAccept","2025-10-15T10:04:31.376",1
1158,"Registered user_1","StrongAccept","2025-10-15T10:04:24.673",1
1157,"Registered user_1","StrongAccept","2025-10-15T09:55:15.545",1
1156,"Registered user_1","StrongAccept","2025-10-15T09:54:19.353",1
1155,"Registered user_1","StrongAccept","2025-10-15T09:53:56.711",1
1154,"Registered user_1","StrongAccept","2025-10-15T09:53:47.766",1
1153,"Registered user_1","StrongAccept","2025-10-15T09:00:35.287",1
1152,"Registered user_1","StrongAccept","2025-10-15T09:00:20.932",1
1151,"Registered user_1","StrongAccept","2025-10-15T09:00:16.712",1
1150,"Registered user_1","StrongAccept","2025-10-15T08:59:23.500",1
1149,"Registered user_1","StrongAccept","2025-10-15T08:59:15.871",1
1148,"Registered user_1","StrongAccept","2025-10-15T08:59:06.867",1
1147,"Registered user_1","StrongAccept","2025-10-15T08:37:22.851",1
1146,"Registered user_1","StrongAccept","2025-10-15T08:37:19.287",1
1145,"Registered user_1","StrongAccept","2025-10-15T08:36:50.101",1
1144,"Registered user_1","StrongAccept","2025-10-15T08:36:47.074",1
1143,"Registered user_1","StrongAccept","2025-10-15T08:36:44.178",1
1142,"Registered user_1","StrongAccept","2025-10-15T08:36:41.229",1
1141,"Registered user_1","StrongAccept","2025-10-15T08:36:38.262",1
1140,"Registered user_1","StrongAccept","2025-10-15T08:36:35.338",1
1139,"Registered user_1","StrongAccept","2025-10-15T08:36:32.459",1
1138,"Registered user_1","StrongAccept","2025-10-15T08:36:29.572",1
1137,"Registered user_1","StrongAccept","2025-10-15T08:36:25.962",1
1136,"Registered user_1","StrongAccept","2025-10-15T08:36:23.066",1
1135,"Registered user_1","StrongAccept","2025-10-15T08:36:20.164",1
1134,"Registered user_1","StrongAccept","2025-10-15T08:36:13.626",1
1133,"Registered user_1","StrongAccept","2025-10-15T08:33:27.231",1
1132,"Registered user_1","StrongAccept","2025-10-15T08:33:04.777",1
1131,"Registered user_1","StrongAccept","2025-10-15T08:32:49.632",1
1130,"Registered user_1","StrongAccept","2025-10-15T08:32:43.111",1
1129,"Registered user_1","StrongAccept","2025-10-15T08:32:39.617",1
1128,"Registered user_1","StrongAccept","2025-10-15T08:32:35.428",1
1127,"Registered user_1","StrongAccept","2025-10-15T08:32:24.376",1
1126,"Registered user_2","StrongAccept","2025-10-15T08:21:27.585",1
1125,"Registered user_2","StrongAccept","2025-10-15T08:21:21.233",1
1124,"Registered user_2","StrongAccept","2025-10-15T08:18:36.260",1
1123,"Registered user_2","StrongAccept","2025-10-15T08:18:33.437",1
1122,"Registered user_2","StrongAccept","2025-10-15T08:18:30.580",1
1121,"Registered user_1","StrongAccept","2025-10-15T08:16:47.663",1
1120,"Registered user_1","StrongAccept","2025-10-15T08:16:44.841",1
1119,"Registered user_1","StrongAccept","2025-10-15T08:16:42.016",1
1118,"Registered user_1","StrongAccept","2025-10-15T08:16:39.134",1
1117,"Registered user_1","StrongAccept","2025-10-15T08:16:36.517",1
1116,"Registered user_1","StrongAccept","2025-10-15T08:16:33.497",1
1115,"Registered user_1","StrongAccept","2025-10-15T08:16:30.608",1
1114,"Registered user_1","StrongAccept","2025-10-15T08:16:27.797",1
1113,"Registered user_1","StrongAccept","2025-10-15T08:16:25.118",1
1112,"Registered user_1","StrongAccept","2025-10-15T07:07:09.155",1
1111,"Registered user_1","StrongAccept","2025-10-15T07:06:54.743",1
1110,"Registered user_1","StrongAccept","2025-10-15T07:06:51.824",1
1109,"Registered user_1","StrongAccept","2025-10-15T07:06:49.086",1
1108,"Registered user_1","StrongAccept","2025-10-15T07:06:31.670",1
1107,"Registered user_1","StrongAccept","2025-10-15T07:06:28.087",1
1106,"Registered user_1","StrongAccept","2025-10-15T07:06:24.589",1
1105,"Registered user_1","StrongAccept","2025-10-15T07:06:20.851",1
1104,"Registered user_1","StrongAccept","2025-10-15T07:06:12.777",1
1103,"Registered user_1","StrongAccept","2025-10-15T07:06:09.781",1
1102,"Registered user_1","StrongAccept","2025-10-15T07:06:06.830",1
1101,"Registered user_1","StrongAccept","2025-10-15T07:06:03.936",1
1100,"Registered user_1","StrongAccept","2025-10-15T07:06:00.963",1
1099,"Registered user_1","StrongAccept","2025-10-15T07:05:58.002",1
1098,"Registered user_1","StrongAccept","2025-10-15T07:05:55.084",1
1097,"Registered user_1","StrongAccept","2025-10-15T07:05:52.113",1
1096,"Registered user_1","StrongAccept","2025-10-15T07:05:49.224",1
1095,"Registered user_1","StrongAccept","2025-10-15T07:05:46.273",1
1094,"Registered user_1","StrongAccept","2025-10-15T07:05:43.301",1
1093,"youngwoo","StrongAccept","2025-10-15T06:57:51.992",1
1092,"youngwoo","StrongAccept","2025-10-15T06:57:37.950",1
1091,"Registered user_1","StrongAccept","2025-10-15T06:54:24.050",1
1090,"Registered user_1","StrongAccept","2025-10-15T06:54:07.654",1
1089,"Registered user_1","StrongAccept","2025-10-15T06:54:04.498",1
1088,"Registered user_1","StrongAccept","2025-10-15T06:53:59.371",1
1087,"Registered user_1","StrongAccept","2025-10-15T06:53:56.167",1
1086,"Unknown","StrongAccept","2025-10-15T06:23:58.795",1
1085,"Unknown","StrongAccept","2025-10-15T06:23:55.452",1
1084,"Registered user_1","StrongAccept","2025-10-15T06:23:51.252",1
1083,"Unknown","StrongAccept","2025-10-15T06:23:47.869",1
1082,"Registered user_1","StrongAccept","2025-10-15T06:23:44.248",1
1081,"Registered user_1","StrongAccept","2025-10-15T06:23:41.278",1
1080,"Registered user_1","StrongAccept","2025-10-15T04:27:56.226",1
1079,"Registered user_1","StrongAccept","2025-10-15T04:27:27.770",1
1078,"Registered user_1","StrongAccept","2025-10-15T04:27:24.634",1
1077,"Registered user_1","StrongAccept","2025-10-15T04:27:21.661",1
1076,"Registered user_1","StrongAccept","2025-10-15T04:27:18.080",1
1075,"Registered user_1","StrongAccept","2025-10-15T04:27:14.717",1
1074,"Unknown","StrongAccept","2025-10-15T04:27:10.691",1
1073,"Unknown","StrongAccept","2025-10-15T04:27:06.263",1
1072,"Registered user_1","StrongAccept","2025-10-15T04:26:30.292",1
1071,"Registered user_1","StrongAccept","2025-10-15T04:26:26.692",1
1070,"Unknown","StrongAccept","2025-10-15T04:26:20.184",1
1069,"Unknown","StrongAccept","2025-10-15T04:26:14.815",1
1068,"Registered user_1","StrongAccept","2025-10-15T04:26:10.567",1
1067,"Unknown","StrongAccept","2025-10-15T04:25:09.585",1
1066,"Registered user_1","StrongAccept","2025-10-15T04:25:02.251",1
1065,"Registered user_1","StrongAccept","2025-10-15T04:24:58.509",1
1064,"Unknown","StrongAccept","2025-10-15T04:24:54.458",1
1063,"Unknown","StrongAccept","2025-10-15T04:24:50.524",1
1062,"Unknown","StrongAccept","2025-10-15T04:24:47.223",1
1061,"Unknown","StrongAccept","2025-10-15T04:24:44.252",1
1060,"Unknown","StrongAccept","2025-10-15T04:24:41.024",1
1059,"Unknown","StrongAccept","2025-10-15T04:24:37.674",1
1058,"Unknown","StrongAccept","2025-10-15T04:16:56.936",1
1057,"Registered user_1","StrongAccept","2025-10-15T04:16:53.959",1
1056,"Unknown","StrongAccept","2025-10-15T04:16:50.333",1
1055,"Unknown","StrongAccept","2025-10-15T04:16:46.942",1
1054,"Unknown","StrongAccept","2025-10-15T04:16:43.912",1
1053,"Unknown","StrongAccept","2025-10-15T04:14:23.553",1
1052,"Unknown","StrongAccept","2025-10-15T04:14:18.950",1
1051,"Unknown","StrongAccept","2025-10-15T04:14:12.764",1
1050,"Unknown","StrongAccept","2025-10-15T04:14:02.614",1
1049,"Registered user_1","StrongAccept","2025-10-15T04:13:57.846",1
1048,"Unknown","StrongAccept","2025-10-15T04:13:52.826",1
1047,"Registered user_1","StrongAccept","2025-10-15T04:13:49.238",1
1046,"Registered user_1","StrongAccept","2025-10-15T04:13:45.745",1
1045,"Registered user_1","StrongAccept","2025-10-15T04:13:26.991",1
1044,"Registered user_1","StrongAccept","2025-10-15T04:13:24.000",1
1043,"Registered user_1","StrongAccept","2025-10-15T03:52:20.270",1
1042,"Registered user_1","StrongAccept","2025-10-15T03:52:15.244",1
1041,"Registered user_1","StrongAccept","2025-10-15T03:52:07.814",1
1040,"Registered user_1","StrongAccept","2025-10-15T03:51:52.801",1
1039,"Registered user_1","StrongAccept","2025-10-15T03:51:48.974",1
1038,"Registered user_1","StrongAccept","2025-10-15T03:51:45.975",1
1037,"Unknown","StrongAccept","2025-10-15T03:33:03.681",1
1036,"Unknown","StrongAccept","2025-10-15T03:32:52.998",1
1035,"Registered user_1","StrongAccept","2025-10-15T03:32:43.637",1
1034,"Unknown","StrongAccept","2025-10-15T03:31:59.960",1
1033,"Registered user_1","StrongAccept","2025-10-15T03:31:43.512",1
1032,"Unknown","StrongAccept","2025-10-15T03:31:30.872",1
1031,"Unknown","StrongAccept","2025-10-15T03:31:23.519",1
1030,"Unknown","StrongAccept","2025-10-15T03:31:20.525",1
1029,"Unknown","StrongAccept","2025-10-15T03:16:03.498",1
1028,"Unknown","StrongAccept","2025-10-15T03:16:00.578",1
1027,"Unknown","StrongAccept","2025-10-15T03:15:57.649",1
1026,"Unknown","StrongAccept","2025-10-15T03:15:54.057",1
1025,"Unknown","StrongAccept","2025-10-15T03:15:47.766",1
1024,"Unknown","StrongAccept","2025-10-15T03:15:44.844",1
1023,"Unknown","StrongAccept","2025-10-15T03:15:29.999",1
1022,"Unknown","StrongAccept","2025-10-15T03:11:24.176",1
1021,"Unknown","StrongAccept","2025-10-15T03:11:20.917",1
1020,"Unknown","StrongAccept","2025-10-15T03:05:07.722",1
1019,"Unknown","StrongAccept","2025-10-15T03:05:04.576",1
1018,"Registered user_1","StrongAccept","2025-10-15T03:02:11.550",1
1017,"Registered user_1","StrongAccept","2025-10-15T03:02:07.712",1
1016,"Registered user_1","StrongAccept","2025-10-15T03:02:02.843",1
1015,"Unknown","StrongAccept","2025-10-15T03:01:56.629",1
1014,"Registered user_1","StrongAccept","2025-10-15T03:01:53.069",1
1013,"Unknown","StrongAccept","2025-10-15T03:01:48.377",1
1012,"Registered user_1","StrongAccept","2025-10-15T02:59:26.287",1
1011,"Registered user_1","StrongAccept","2025-10-15T01:31:35.488",1
1010,"Unknown","StrongAccept","2025-10-15T01:31:22.955",1
1009,"Unknown","StrongAccept","2025-10-15T01:31:19.993",1
1008,"Registered user_1","StrongAccept","2025-10-15T01:26:36.073",1
1007,"Registered user_1","StrongAccept","2025-10-15T01:26:31.854",1
1006,"Registered user_1","StrongAccept","2025-10-15T01:26:27.763",1
1005,"Registered user_1","StrongAccept","2025-10-15T01:26:22.143",1
1004,"Unknown","StrongAccept","2025-10-15T01:25:59.049",1
1003,"Unknown","StrongAccept","2025-10-15T01:25:53.894",1
1002,"Registered user_1","StrongAccept","2025-10-15T01:17:42.950",1
1001,"Registered user_1","StrongAccept","2025-10-15T01:17:41.594",1
1000,"Unknown","StrongAccept","2025-10-15T01:17:37.680",1
999,"Unknown","StrongAccept","2025-10-15T01:17:34.563",1
998,"Registered user_1","StrongAccept","2025-10-15T01:17:33.263",1
997,"Registered user_1","StrongAccept","2025-10-15T01:17:31.966",1
996,"Unknown","StrongAccept","2025-10-15T01:17:28.495",1
995,"Registered user_1","StrongAccept","2025-10-15T01:10:09.973",1
994,"Registered user_1","StrongAccept","2025-10-15T01:10:07.896",1
993,"Registered user_1","StrongAccept","2025-10-15T01:10:06.521",1
992,"Registered user_1","StrongAccept","2025-10-15T01:01:48.894",1
991,"Registered user_1","StrongAccept","2025-10-15T01:01:41.623",1
990,"Registered user_1","StrongAccept","2025-10-15T01:01:40.333",1
989,"Registered user_1","StrongAccept","2025-10-15T01:01:39.042",1
988,"Registered user_1","StrongAccept","2025-10-15T01:01:37.744",1
987,"Registered user_1","StrongAccept","2025-10-15T01:01:36.446",1
986,"Registered user_1","StrongAccept","2025-10-15T01:01:29.502",1
985,"Registered user_1","StrongAccept","2025-10-15T01:01:20.493",1
984,"Registered user_1","StrongAccept","2025-10-15T01:01:19.176",1
983,"Registered user_1","StrongAccept","2025-10-15T01:01:17.867",1
982,"Registered user_1","StrongAccept","2025-10-15T01:01:16.556",1
981,"Registered user_1","StrongAccept","2025-10-15T01:01:15.268",1
980,"Registered user_1","StrongAccept","2025-10-15T01:01:13.976",1
979,"Registered user_1","StrongAccept","2025-10-15T01:01:12.687",1
978,"Registered user_1","StrongAccept","2025-10-15T01:01:11.393",1
977,"Registered user_1","StrongAccept","2025-10-15T01:01:10.097",1
976,"Registered user_1","StrongAccept","2025-10-15T01:01:08.792",1
975,"Registered user_1","StrongAccept","2025-10-15T01:01:07.493",1
974,"Unknown","StrongAccept","2025-10-15T00:56:19.279",1
973,"Unknown","StrongAccept","2025-10-15T00:56:10.039",1
972,"Registered user_1","StrongAccept","2025-10-15T00:56:08.676",1
971,"Registered user_1","StrongAccept","2025-10-15T00:56:07.387",1
970,"Registered user_1","StrongAccept","2025-10-15T00:56:06.117",1
969,"Unknown","StrongAccept","2025-10-15T00:55:55.653",1
968,"Registered user_1","StrongAccept","2025-10-15T00:55:45.070",1
967,"Registered user_1","StrongAccept","2025-10-15T00:55:43.743",1
966,"Registered user_1","StrongAccept","2025-10-15T00:55:42.442",1
965,"Registered user_1","StrongAccept","2025-10-15T00:55:41.150",1
964,"Registered user_1","StrongAccept","2025-10-15T00:55:39.855",1
963,"Unknown","StrongAccept","2025-10-15T00:49:58.629",1
962,"Unknown","StrongAccept","2025-10-15T00:49:54.768",1
961,"Registered user_1","StrongAccept","2025-10-15T00:49:52.820",1
960,"Registered user_1","StrongAccept","2025-10-15T00:49:51.523",1
959,"Registered user_1","StrongAccept","2025-10-15T00:49:49.792",1
958,"Registered user_1","StrongAccept","2025-10-15T00:49:48.061",1
957,"Registered user_1","StrongAccept","2025-10-15T00:49:46.760",1
956,"Unknown","StrongAccept","2025-10-15T00:49:44.817",1
955,"Registered user_1","StrongAccept","2025-10-15T00:49:43.497",1
954,"Registered user_1","StrongAccept","2025-10-15T00:49:42.217",1
953,"Unknown","StrongAccept","2025-10-15T00:48:38.780",1
952,"Unknown","StrongAccept","2025-10-15T00:48:36.784",1
951,"Unknown","StrongAccept","2025-10-15T00:48:35.493",1
950,"Unknown","StrongAccept","2025-10-15T00:43:07.574",1
949,"Registered user_1","StrongAccept","2025-10-15T00:43:05.816",1
948,"Registered user_1","StrongAccept","2025-10-15T00:43:04.734",1
947,"Registered user_1","StrongAccept","2025-10-15T00:43:03.649",1
946,"Registered user_1","StrongAccept","2025-10-15T00:43:02.577",1
945,"Unknown","StrongAccept","2025-10-15T00:43:01.300",1
944,"Registered user_1","StrongAccept","2025-10-15T00:43:00.029",1
943,"Registered user_1","StrongAccept","2025-10-15T00:42:58.966",1
942,"Registered user_1","StrongAccept","2025-10-15T00:42:57.891",1
941,"Registered user_1","StrongAccept","2025-10-15T00:42:56.818",1
940,"Registered user_1","StrongAccept","2025-10-15T00:42:55.749",1
939,"Registered user_1","StrongAccept","2025-10-15T00:42:54.683",1
938,"Registered user_1","StrongAccept","2025-10-15T00:42:53.619",1
937,"Registered user_1","StrongAccept","2025-10-15T00:42:52.544",1
936,"Registered user_1","StrongAccept","2025-10-15T00:42:51.457",1
935,"Unknown","StrongAccept","2025-10-15T00:41:39.686",1
934,"Unknown","StrongAccept","2025-10-15T00:40:09.858",1
933,"Registered user_3","StrongAccept","2025-10-15T00:40:08.729",1
932,"Registered user_3","StrongAccept","2025-10-15T00:40:07.646",1
931,"Registered user_3","StrongAccept","2025-10-15T00:40:06.567",1
930,"Registered user_3","StrongAccept","2025-10-15T00:40:05.488",1
929,"Registered user_3","StrongAccept","2025-10-15T00:40:04.177",1
928,"Registered user_3","StrongAccept","2025-10-15T00:40:03.104",1
927,"Registered user_3","StrongAccept","2025-10-15T00:40:02.028",1
926,"Registered user_3","StrongAccept","2025-10-15T00:40:00.949",1
925,"Registered user_3","StrongAccept","2025-10-15T00:39:59.869",1
924,"Unknown","StrongAccept","2025-10-15T00:39:58.569",1
923,"Registered user_3","StrongAccept","2025-10-15T00:39:57.271",1
922,"Registered user_3","StrongAccept","2025-10-15T00:39:55.327",1
921,"Registered user_3","StrongAccept","2025-10-15T00:39:54.248",1
920,"Registered user_3","StrongAccept","2025-10-15T00:39:48.570",1
919,"Registered user_3","StrongAccept","2025-10-15T00:39:47.490",1
918,"Registered user_3","StrongAccept","2025-10-15T00:39:46.415",1
917,"Registered user_3","StrongAccept","2025-10-15T00:39:45.342",1
916,"Registered user_3","StrongAccept","2025-10-15T00:39:44.263",1
915,"Registered user_3","StrongAccept","2025-10-15T00:39:43.183",1
914,"Registered user_3","StrongAccept","2025-10-15T00:39:42.105",1
913,"Registered user_3","StrongAccept","2025-10-15T00:39:41.017",1
912,"Registered user_3","StrongAccept","2025-10-15T00:39:39.940",1
911,"Registered user_3","StrongAccept","2025-10-15T00:39:38.853",1
910,"Registered user_3","StrongAccept","2025-10-15T00:39:37.773",1
909,"Unknown","StrongAccept","2025-10-15T00:38:48.652",1
908,"Unknown","StrongAccept","2025-10-15T00:38:47.338",1
907,"Registered user_1","StrongAccept","2025-10-15T00:38:42.163",1
906,"Registered user_1","StrongAccept","2025-10-15T00:38:41.050",1
905,"Registered user_1","StrongAccept","2025-10-15T00:38:39.979",1
904,"Registered user_1","StrongAccept (>=0.97)","2025-10-14T22:51:50.659",1
903,"Registered user_1","StrongAccept (>=0.97)","2025-10-14T22:51:39.683",1
902,"Unknown","StrongAccept (>=0.97)","2025-10-14T22:51:38.614",1
901,"Registered user_1","StrongAccept (>=0.97)","2025-10-14T22:51:37.519",1
900,"Unknown","StrongAccept (>=0.97)","2025-10-14T22:42:11.973",1
899,"Unknown","StrongAccept (>=0.97)","2025-10-14T22:42:08.592",1
898,"Unknown","StrongAccept (>=0.97)","2025-10-14T22:42:07.522",1
897,"Unknown","StrongAccept (>=0.97)","2025-10-14T22:42:06.470",1
896,"Registered user_4","StrongAccept (>=0.97)","2025-10-14T22:42:01.844",1
895,"Unknown","StrongAccept (>=0.97)","2025-10-14T22:41:59.679",1
894,"Registered user_4","StrongAccept (>=0.97)","2025-10-14T22:41:56.252",1
893,"Unknown","MarginAccept (best>=0.93 && gap>=0.03)","2025-10-14T22:41:42.711",1
892,"Unknown","MarginAccept (best>=0.93 && gap>=0.03)","2025-10-14T22:41:41.630",1
891,"Registered user_1","MarginAccept (best>=0.93 && gap>=0.03)","2025-10-14T22:41:40.546",1
890,"Registered user_1","MarginAccept (best>=0.93 && gap>=0.03)","2025-10-14T22:41:39.463",1
889,"Unknown","MarginAccept (best>=0.93 && gap>=0.03)","2025-10-14T22:41:38.162",1
888,"Unknown","MarginAccept (best>=0.93 && gap>=0.03)","2025-10-14T22:41:37.080",1
887,"Unknown","MarginAccept (best>=0.93 && gap>=0.03)","2025-10-14T22:41:35.982",1
886,"Unknown","MarginAccept (best>=0.93 && gap>=0.03)","2025-10-14T22:41:34.256",1
885,"Registered user_3","MarginAccept (best>=0.93 && gap>=0.03)","2025-10-14T22:41:23.809",1
884,"Registered user_3","StrongAccept (>=0.97)","2025-10-14T22:41:22.719",1
883,"Registered user_3","StrongAccept (>=0.97)","2025-10-14T22:41:21.626",1
882,"Registered user_3","StrongAccept (>=0.97)","2025-10-14T22:41:20.532",1
881,"Registered user_3","StrongAccept (>=0.97)","2025-10-14T22:41:19.443",1
880,"Registered user_3","StrongAccept (>=0.97)","2025-10-14T22:41:18.353",1
879,"Registered user_3","StrongAccept (>=0.97)","2025-10-14T22:41:17.265",1
878,"Registered user_3","StrongAccept (>=0.97)","2025-10-14T22:41:16.180",1
877,"Registered user_3","StrongAccept (>=0.97)","2025-10-14T22:41:15.094",1
876,"Registered user_3","StrongAccept (>=0.97)","2025-10-14T22:41:14.005",1
875,"Registered user_3","StrongAccept (>=0.97)","2025-10-14T22:41:12.921",1
874,"Registered user_3","StrongAccept (>=0.97)","2025-10-14T22:41:11.831",1
873,"Registered user_3","StrongAccept (>=0.97)","2025-10-14T22:41:10.749",1
872,"Registered user_3","StrongAccept (>=0.97)","2025-10-14T22:41:09.661",1
871,"Registered user_3","StrongAccept (>=0.97)","2025-10-14T22:41:08.569",1
870,"Registered user_3","StrongAccept (>=0.97)","2025-10-14T22:41:07.483",1
869,"Registered user_3","StrongAccept (>=0.97)","2025-10-14T22:41:06.390",1
868,"Registered user_3","StrongAccept (>=0.97)","2025-10-14T22:41:05.308",1
867,"Registered user_3","StrongAccept (>=0.97)","2025-10-14T22:41:04.202",1
866,"Registered user_3","StrongAccept (>=0.97)","2025-10-14T22:41:03.110",1
865,"Registered user_1","StrongAccept (>=0.97)","2025-10-14T22:39:15.277",1
864,"Unknown","StrongAccept (>=0.97)","2025-10-14T22:38:37.957",1
863,"Unknown","StrongAccept (>=0.97)","2025-10-14T22:38:26.697",1
862,"Registered user_1","StrongAccept (>=0.97)","2025-10-14T22:38:25.610",1
861,"Registered user_1","StrongAccept (>=0.97)","2025-10-14T22:38:24.519",1
860,"Registered user_1","StrongAccept (>=0.97)","2025-10-14T22:38:23.436",1
859,"Registered user_1","StrongAccept (>=0.97)","2025-10-14T22:38:22.359",1
858,"Registered user_1","StrongAccept (>=0.97)","2025-10-14T22:38:21.281",1
857,"Unknown","StrongAccept (>=0.97)","2025-10-14T22:38:06.688",1
856,"Unknown","StrongAccept (>=0.97)","2025-10-14T22:38:05.402",1
855,"Unknown","StrongAccept (>=0.97)","2025-10-14T22:38:04.111",1
854,"Unknown","StrongAccept (>=0.97)","2025-10-14T22:38:03.055",1
853,"Unknown","StrongAccept (>=0.97)","2025-10-14T22:38:01.995",1
852,"Unknown","StrongAccept (>=0.97)","2025-10-14T22:38:00.939",1
851,"Unknown","StrongAccept (>=0.97)","2025-10-14T22:37:59.469",1
850,"youngwoo","StrongAccept (>=0.97)","2025-10-14T22:37:42.192",1
849,"Unknown","StrongAccept (>=0.97)","2025-10-14T22:37:39.821",1
848,"Unknown","StrongAccept (>=0.97)","2025-10-14T22:37:38.088",1
847,"Unknown","StrongAccept (>=0.97)","2025-10-14T22:37:37.001",1
846,"Unknown","StrongAccept (>=0.97)","2025-10-14T22:29:08.466",1
845,"Unknown","StrongAccept (>=0.97)","2025-10-14T22:29:06.098",1
844,"Unknown","StrongAccept (>=0.97)","2025-10-14T22:29:00.557",1
843,"Unknown","StrongAccept (>=0.97)","2025-10-14T22:28:50.929",1
842,"youngwoo","StrongAccept (>=0.97)","2025-10-14T22:28:47.002",1
841,"Unknown","StrongAccept (>=0.97)","2025-10-14T22:28:42.433",1
840,"youngwoo","StrongAccept (>=0.97)","2025-10-14T22:22:10.539",1
839,"youngwoo","StrongAccept (>=0.97)","2025-10-14T22:22:09.362",1
838,"youngwoo","StrongAccept (>=0.97)","2025-10-14T22:22:08.210",1
837,"youngwoo","StrongAccept (>=0.97)","2025-10-14T22:22:07.031",1
836,"youngwoo","StrongAccept (>=0.97)","2025-10-14T22:22:05.846",1
835,"youngwoo","StrongAccept (>=0.97)","2025-10-14T22:22:04.650",1
834,"youngwoo","StrongAccept (>=0.97)","2025-10-14T22:22:03.467",1
833,"youngwoo","StrongAccept (>=0.97)","2025-10-14T22:22:02.266",1
832,"youngwoo","StrongAccept (>=0.97)","2025-10-14T22:22:01.073",1
831,"youngwoo","StrongAccept (>=0.97)","2025-10-14T22:21:59.877",1
830,"youngwoo","StrongAccept (>=0.97)","2025-10-14T22:21:58.693",1
829,"youngwoo","StrongAccept (>=0.97)","2025-10-14T22:21:57.500",1
828,"Unknown","StrongAccept (>=0.97)","2025-10-14T22:21:02.256",1
827,"Unknown","StrongAccept (>=0.97)","2025-10-14T22:21:00.636",1
826,"Unknown","StrongAccept (>=0.97)","2025-10-14T22:20:59.470",1
825,"youngwoo","StrongAccept (>=0.97)","2025-10-14T22:20:48.415",1
824,"youngwoo","StrongAccept (>=0.97)","2025-10-14T22:20:47.332",1
823,"youngwoo","StrongAccept (>=0.97)","2025-10-14T22:20:46.259",1
822,"youngwoo","StrongAccept (>=0.97)","2025-10-14T22:20:45.154",1
821,"youngwoo","StrongAccept (>=0.97)","2025-10-14T22:20:44.075",1
820,"Unknown","StrongAccept (>=0.97)","2025-10-14T22:20:35.106",1
819,"Unknown","StrongAccept (>=0.97)","2025-10-14T22:20:29.453",1
818,"Unknown","StrongAccept (>=0.97)","2025-10-14T22:20:28.380",1
817,"Unknown","StrongAccept (>=0.97)","2025-10-14T22:20:19.930",1
816,"Unknown","StrongAccept (>=0.97)","2025-10-14T22:20:18.843",1
815,"Registered user_1","StrongAccept (>=0.97)","2025-10-14T22:20:17.762",1
814,"Unknown","StrongAccept (>=0.97)","2025-10-14T22:20:16.672",1
813,"Unknown","StrongAccept (>=0.97)","2025-10-14T22:16:43.519",1
812,"Registered user_1","StrongAccept (>=0.97)","2025-10-14T22:16:41.368",1
811,"Unknown","StrongAccept (>=0.97)","2025-10-14T22:09:23.875",1
810,"Registered user_1","StrongAccept (>=0.97)","2025-10-14T22:09:21.840",1
809,"Registered user_1","StrongAccept (>=0.97)","2025-10-14T22:09:20.756",1
808,"Registered user_1","StrongAccept (>=0.97)","2025-10-14T22:09:19.670",1
807,"Unknown","StrongAccept (>=0.97)","2025-10-14T22:09:18.362",1
806,"Unknown","StrongAccept (>=0.97)","2025-10-14T22:09:15.440",1
805,"Unknown","StrongAccept (>=0.97)","2025-10-14T22:09:11.998",1
804,"Registered user_1","StrongAccept (>=0.97)","2025-10-14T22:09:10.270",1
803,"Registered user_1","StrongAccept (>=0.97)","2025-10-14T22:09:09.177",1
802,"Unknown","StrongAccept (>=0.97)","2025-10-14T22:09:05.461",1
801,"Unknown","StrongAccept (>=0.97)","2025-10-14T22:09:03.692",1
800,"Registered user_1","StrongAccept (>=0.97)","2025-10-14T22:09:02.613",1
799,"Unknown","StrongAccept (>=0.97)","2025-10-14T22:09:01.530",1
798,"Registered user_1","StrongAccept (>=0.97)","2025-10-14T22:09:00.452",1
797,"Registered user_1","StrongAccept (>=0.97)","2025-10-14T22:08:57.657",1
796,"Registered user_1","StrongAccept (>=0.97)","2025-10-14T22:08:51.343",1
795,"Unknown","StrongAccept (>=0.97)","2025-10-14T22:08:50.217",1
794,"Unknown","StrongAccept (>=0.97)","2025-10-14T22:08:49.164",1
793,"Registered user_1","StrongAccept (>=0.97)","2025-10-14T22:08:48.081",1
792,"Unknown","StrongAccept (>=0.97)","2025-10-14T22:08:44.168",1
791,"Registered user_1","StrongAccept (>=0.97)","2025-10-14T22:08:42.864",1
790,"Unknown","StrongAccept (>=0.97)","2025-10-14T22:08:29.171",1
789,"Unknown","StrongAccept (>=0.97)","2025-10-14T22:08:24.300",1
788,"Unknown","StrongAccept (>=0.97)","2025-10-14T22:08:23.212",1
787,"Registered user_1","StrongAccept (>=0.97)","2025-10-14T22:08:22.157",1
786,"Registered user_1","StrongAccept (>=0.97)","2025-10-14T22:08:21.094",1
785,"Registered user_1","StrongAccept (>=0.97)","2025-10-14T22:08:20.029",1
784,"Registered user_1","StrongAccept (>=0.97)","2025-10-14T22:08:18.932",1
783,"Registered user_1","StrongAccept (>=0.97)","2025-10-14T22:08:17.871",1
782,"Unknown","StrongAccept (>=0.97)","2025-10-14T22:08:16.808",1
781,"Registered user_1","StrongAccept (>=0.97)","2025-10-14T22:08:15.738",1
780,"Registered user_1","StrongAccept (>=0.97)","2025-10-14T22:08:14.676",1
779,"Unknown","StrongAccept (>=0.97)","2025-10-14T22:08:12.961",1
778,"Registered user_1","StrongAccept (>=0.97)","2025-10-14T22:08:10.499",1
777,"Unknown","StrongAccept (>=0.97)","2025-10-14T22:08:04.217",1
776,"Unknown","StrongAccept (>=0.97)","2025-10-14T22:07:49.579",1
775,"Unknown","StrongAccept (>=0.97)","2025-10-14T22:07:48.495",1
774,"Registered user_1","StrongAccept (>=0.97)","2025-10-14T22:07:46.772",1
773,"Registered user_1","StrongAccept (>=0.97)","2025-10-14T22:07:45.643",1
772,"Unknown","StrongAccept (>=0.97)","2025-10-14T22:07:41.940",1
771,"Unknown","StrongAccept (>=0.97)","2025-10-14T22:07:40.841",1
770,"Unknown","StrongAccept (>=0.97)","2025-10-14T22:07:39.745",1
769,"Unknown","StrongAccept (>=0.97)","2025-10-14T22:07:38.636",1
768,"Registered user_1","StrongAccept (>=0.97)","2025-10-14T22:07:37.547",1
767,"Unknown","StrongAccept (>=0.97)","2025-10-14T22:07:36.451",1
766,"Registered user_1","StrongAccept (>=0.97)","2025-10-14T22:07:35.339",1
765,"Registered user_1","StrongAccept (>=0.97)","2025-10-14T22:07:34.247",1
764,"Unknown","StrongAccept (>=0.97)","2025-10-14T22:04:44.844",1
763,"Registered user_1","StrongAccept (>=0.97)","2025-10-14T22:04:43.410",1
762,"Registered user_1","StrongAccept (>=0.97)","2025-10-14T22:04:42.208",1
761,"Unknown","StrongAccept (>=0.97)","2025-10-14T22:04:41.030",1
760,"Unknown","StrongAccept (>=0.97)","2025-10-14T22:04:39.860",1
759,"Unknown","StrongAccept (>=0.97)","2025-10-14T22:04:38.670",1
758,"Unknown","StrongAccept (>=0.97)","2025-10-14T22:04:37.485",1
757,"Unknown","StrongAccept (>=0.97)","2025-10-14T22:04:36.337",1
756,"Registered user_1","StrongAccept (>=0.97)","2025-10-14T22:04:35.214",1
755,"Unknown","StrongAccept (>=0.97)","2025-10-14T22:04:34.067",1
754,"Unknown","StrongAccept (>=0.97)","2025-10-14T22:04:24.552",1
753,"Unknown","StrongAccept (>=0.97)","2025-10-14T22:04:23.372",1
752,"Unknown","StrongAccept (>=0.97)","2025-10-14T22:04:18.928",1
751,"Registered user_1","StrongAccept (>=0.97)","2025-10-14T22:04:15.288",1
750,"Unknown","StrongAccept (>=0.97)","2025-10-14T22:04:09.716",1
749,"Registered user_1","StrongAccept (>=0.97)","2025-10-14T22:04:04.945",1
748,"Unknown","StrongAccept (>=0.97)","2025-10-14T22:04:03.835",1
747,"Registered user_1","StrongAccept (>=0.97)","2025-10-14T22:04:01.674",1
746,"Unknown","StrongAccept (>=0.97)","2025-10-14T22:04:00.504",1
745,"Registered user_1","StrongAccept (>=0.97)","2025-10-14T22:03:56.954",1
744,"Registered user_1","StrongAccept (>=0.97)","2025-10-14T22:03:55.760",1
743,"Registered user_1","StrongAccept (>=0.97)","2025-10-14T22:03:54.566",1
742,"Registered user_1","StrongAccept (>=0.97)","2025-10-14T22:03:53.353",1
741,"Registered user_1","StrongAccept (>=0.97)","2025-10-14T22:03:52.151",1
740,"Registered user_1","StrongAccept (>=0.97)","2025-10-14T22:03:50.943",1
739,"Registered user_1","StrongAccept (>=0.97)","2025-10-14T22:03:49.735",1
738,"Unknown","StrongAccept (>=0.97)","2025-10-14T22:03:44.521",1
737,"Unknown","StrongAccept (>=0.97)","2025-10-14T22:03:39.795",1
736,"Registered user_1","StrongAccept (>=0.97)","2025-10-14T22:03:26.522",1
735,"Registered user_1","StrongAccept (>=0.97)","2025-10-14T22:03:25.084",1
734,"Unknown","StrongAccept (>=0.97)","2025-10-14T22:03:15.563",1
733,"Unknown","StrongAccept (>=0.97)","2025-10-14T22:03:05.110",1
732,"Unknown","StrongAccept (>=0.97)","2025-10-14T22:03:03.908",1
731,"Unknown","StrongAccept (>=0.97)","2025-10-14T22:03:02.696",1
730,"Unknown","StrongAccept (>=0.97)","2025-10-14T22:03:01.490",1
729,"Registered user_1","StrongAccept (>=0.97)","2025-10-14T22:02:58.134",1
728,"Unknown","StrongAccept (>=0.97)","2025-10-14T22:02:54.071",1
727,"Unknown","StrongAccept (>=0.97)","2025-10-14T22:02:52.380",1
726,"Unknown","StrongAccept (>=0.97)","2025-10-14T22:02:51.154",1
725,"Unknown","StrongAccept (>=0.97)","2025-10-14T22:02:31.831",1
724,"Unknown","StrongAccept (>=0.97)","2025-10-14T22:02:26.910",1
723,"Unknown","StrongAccept (>=0.97)","2025-10-14T22:02:19.580",1
722,"Unknown","StrongAccept (>=0.97)","2025-10-14T22:02:17.671",1
721,"Registered user_1","StrongAccept (>=0.97)","2025-10-14T22:02:15.592",1
720,"Registered user_1","StrongAccept (>=0.97)","2025-10-14T22:02:14.388",1
719,"Registered user_1","StrongAccept (>=0.97)","2025-10-14T22:02:12.705",1
718,"Registered user_1","StrongAccept (>=0.97)","2025-10-14T22:02:11.494",1
717,"Registered user_1","StrongAccept (>=0.97)","2025-10-14T22:02:10.297",1
716,"Registered user_1","StrongAccept (>=0.97)","2025-10-14T22:02:09.102",1
715,"Unknown","StrongAccept (>=0.97)","2025-10-14T22:02:06.217",1
714,"Registered user_1","StrongAccept (>=0.97)","2025-10-14T22:02:02.595",1
713,"Registered user_1","StrongAccept (>=0.97)","2025-10-14T22:02:01.374",1
712,"Registered user_1","StrongAccept (>=0.97)","2025-10-14T22:02:00.221",1
711,"Unknown","StrongAccept (>=0.97)","2025-10-12T00:50:59.185",1
710,"Unknown","StrongAccept (>=0.97)","2025-10-12T00:50:57.472",1
709,"Unknown","StrongAccept (>=0.97)","2025-10-12T00:50:55.767",1
708,"Unknown","StrongAccept (>=0.97)","2025-10-12T00:50:54.119",1
707,"Unknown","StrongAccept (>=0.97)","2025-10-12T00:50:52.472",1
706,"Unknown","StrongAccept (>=0.97)","2025-10-12T00:50:50.833",1
705,"Unknown","StrongAccept (>=0.97)","2025-10-12T00:50:49.190",1
704,"Unknown","StrongAccept (>=0.97)","2025-10-12T00:50:47.232",1
703,"Unknown","StrongAccept (>=0.97)","2025-10-12T00:50:45.594",1
702,"Unknown","StrongAccept (>=0.97)","2025-10-12T00:50:40.357",1
701,"Registered user_1","StrongAccept (>=0.97)","2025-10-12T00:41:26.320",1
700,"Registered user_1","StrongAccept (>=0.97)","2025-10-12T00:41:24.778",1
699,"Registered user_1","StrongAccept (>=0.97)","2025-10-12T00:41:21.641",1
698,"Registered user_1","StrongAccept (>=0.97)","2025-10-12T00:41:20.446",1
697,"Registered user_1","StrongAccept (>=0.97)","2025-10-12T00:41:19.171",1
696,"Registered user_1","StrongAccept (>=0.97)","2025-10-12T00:41:17.931",1
695,"Unknown","StrongAccept (>=0.97)","2025-10-12T00:41:16.760",1
694,"Unknown","StrongAccept (>=0.97)","2025-10-12T00:41:13.400",1
693,"Unknown","StrongAccept (>=0.97)","2025-10-12T00:41:12.170",1
692,"Unknown","StrongAccept (>=0.97)","2025-10-12T00:41:10.948",1
691,"Unknown","StrongAccept (>=0.97)","2025-10-12T00:38:24.955",1
690,"Unknown","StrongAccept (>=0.97)","2025-10-12T00:38:23.795",1
689,"Unknown","StrongAccept (>=0.97)","2025-10-12T00:38:22.607",1
688,"Unknown","StrongAccept (>=0.97)","2025-10-12T00:38:21.382",1
687,"Registered user_1","StrongAccept (>=0.97)","2025-10-12T00:38:20.208",1
686,"Registered user_1","StrongAccept (>=0.97)","2025-10-12T00:38:19.021",1
685,"Registered user_1","StrongAccept (>=0.97)","2025-10-12T00:38:17.836",1
684,"Registered user_1","StrongAccept (>=0.97)","2025-10-12T00:38:16.628",1
683,"Registered user_1","StrongAccept (>=0.97)","2025-10-12T00:38:15.428",1
682,"Registered user_1","StrongAccept (>=0.97)","2025-10-12T00:37:47.149",1
681,"Registered user_1","StrongAccept (>=0.97)","2025-10-12T00:37:45.983",1
680,"Registered user_1","StrongAccept (>=0.97)","2025-10-12T00:37:44.775",1
679,"Registered user_1","StrongAccept (>=0.97)","2025-10-12T00:37:43.589",1
678,"Registered user_1","StrongAccept (>=0.97)","2025-10-12T00:37:42.419",1
677,"Registered user_1","StrongAccept (>=0.97)","2025-10-12T00:37:41.224",1
676,"Registered user_1","StrongAccept (>=0.97)","2025-10-12T00:37:40.004",1
675,"Registered user_1","StrongAccept (>=0.97)","2025-10-12T00:37:38.839",1
674,"Registered user_1","StrongAccept (>=0.97)","2025-10-12T00:37:37.662",1
673,"Registered user_1","StrongAccept (>=0.97)","2025-10-12T00:37:36.492",1
672,"Unknown","StrongAccept (>=0.97)","2025-10-12T00:37:35.013",1
671,"Registered user_1","StrongAccept (>=0.97)","2025-10-12T00:37:31.737",1
670,"Registered user_1","StrongAccept (>=0.97)","2025-10-12T00:37:30.568",1
669,"Registered user_1","StrongAccept (>=0.97)","2025-10-12T00:37:29.398",1
668,"Registered user_1","StrongAccept (>=0.97)","2025-10-12T00:37:28.189",1
667,"Unknown","MarginAccept (best>=0.93 && gap>=0.03)","2025-10-12T00:36:27.058",1
666,"Unknown","MarginAccept (best>=0.93 && gap>=0.03)","2025-10-12T00:36:25.626",1
665,"Registered user_1","MarginAccept (best>=0.93 && gap>=0.03)","2025-10-12T00:36:24.481",1
664,"Registered user_1","MarginAccept (best>=0.93 && gap>=0.03)","2025-10-12T00:36:23.333",1
663,"Registered user_1","MarginAccept (best>=0.93 && gap>=0.03)","2025-10-12T00:36:22.142",1
662,"Registered user_1","MarginAccept (best>=0.93 && gap>=0.03)","2025-10-12T00:34:22.331",1
661,"Unknown","MarginAccept (best>=0.93 && gap>=0.03)","2025-10-12T00:34:20.891",1
660,"Registered user_1","MarginAccept (best>=0.93 && gap>=0.03)","2025-10-12T00:33:50.779",1
659,"Registered user_1","MarginAccept (best>=0.93 && gap>=0.03)","2025-10-12T00:32:44.469",1
658,"Registered user_1","MarginAccept (best>=0.93 && gap>=0.03)","2025-10-12T00:31:25.264",1
657,"Registered user_1","MarginAccept (best>=0.93 && gap>=0.03)","2025-10-12T00:31:24.111",1
656,"Registered user_1","MarginAccept (best>=0.93 && gap>=0.03)","2025-10-12T00:31:22.934",1
655,"Registered user_1","MarginAccept (best>=0.93 && gap>=0.03)","2025-10-12T00:31:16.142",1
654,"Registered user_1","MarginAccept (best>=0.93 && gap>=0.03)","2025-10-12T00:31:10.719",1
653,"Registered user_1","StrongAccept (>=0.97)","2025-10-12T00:31:01.947",1
652,"Registered user_1","StrongAccept (>=0.97)","2025-10-12T00:28:36.292",1
651,"Registered user_1","StrongAccept (>=0.97)","2025-10-12T00:28:35.111",1
650,"Registered user_1","StrongAccept (>=0.97)","2025-10-12T00:28:33.929",1
649,"Registered user_1","StrongAccept (>=0.97)","2025-10-12T00:28:32.662",1
648,"Unknown","MarginAccept (best>=0.93 && gap>=0.03)","2025-10-12T00:28:31.454",1
647,"Registered user_1","StrongAccept (>=0.97)","2025-10-12T00:28:02.313",1
646,"Registered user_1","StrongAccept (>=0.97)","2025-10-12T00:28:01.039",1
645,"Unknown","StrongAccept (>=0.97)","2025-10-12T00:26:38.877",1
644,"Unknown","StrongAccept (>=0.97)","2025-10-12T00:26:36.908",1
643,"Registered user_1","StrongAccept (>=0.97)","2025-10-12T00:24:10.550",1
642,"Registered user_1","StrongAccept (>=0.97)","2025-10-12T00:24:09.345",1
641,"Registered user_1","StrongAccept (>=0.97)","2025-10-12T00:24:08.053",1
640,"Registered user_1","StrongAccept (>=0.97)","2025-10-12T00:24:06.857",1
639,"Registered user_1","StrongAccept (>=0.97)","2025-10-12T00:24:05.590",1
638,"Registered user_1","StrongAccept (>=0.97)","2025-10-12T00:24:04.377",1
637,"Registered user_1","StrongAccept (>=0.97)","2025-10-12T00:24:03.053",1
636,"Unknown","StrongAccept (>=0.97)","2025-10-12T00:23:57.867",1
635,"Unknown","StrongAccept (>=0.97)","2025-10-12T00:23:54.036",1
634,"Unknown","StrongAccept (>=0.97)","2025-10-12T00:23:43.203",1
633,"Unknown","StrongAccept (>=0.97)","2025-10-12T00:23:41.916",1
632,"Unknown","StrongAccept (>=0.97)","2025-10-12T00:23:38.364",1
631,"Unknown","StrongAccept (>=0.97)","2025-10-12T00:23:28.355",1
630,"Unknown","StrongAccept (>=0.97)","2025-10-12T00:23:26.931",1
629,"Registered user_1","StrongAccept (>=0.97)","2025-10-12T00:13:21.914",1
628,"Registered user_1","StrongAccept (>=0.97)","2025-10-12T00:13:20.698",1
627,"Registered user_1","StrongAccept (>=0.97)","2025-10-12T00:13:19.489",1
626,"Registered user_1","StrongAccept (>=0.97)","2025-10-12T00:13:18.277",1
625,"Registered user_1","StrongAccept (>=0.97)","2025-10-12T00:13:16.990",1
624,"Unknown","StrongAccept (>=0.97)","2025-10-12T00:13:15.778",1
623,"Unknown","StrongAccept (>=0.97)","2025-10-12T00:13:14.563",1
622,"Registered user_1","StrongAccept (>=0.97)","2025-10-12T00:13:13.344",1
621,"Registered user_1","StrongAccept (>=0.97)","2025-10-12T00:13:12.132",1
620,"Unknown","StrongAccept (>=0.97)","2025-10-12T00:13:02.800",1
619,"Registered user_1","StrongAccept (>=0.97)","2025-10-12T00:12:22.686",1
618,"Registered user_1","StrongAccept (>=0.97)","2025-10-12T00:12:21.497",1
617,"Registered user_1","StrongAccept (>=0.97)","2025-10-12T00:12:20.309",1
616,"Registered user_1","StrongAccept (>=0.97)","2025-10-12T00:12:19.119",1
615,"Registered user_1","StrongAccept (>=0.97)","2025-10-12T00:12:17.865",1
614,"Registered user_1","StrongAccept (>=0.97)","2025-10-12T00:12:16.686",1
613,"Registered user_1","StrongAccept (>=0.97)","2025-10-12T00:12:15.428",1
612,"Registered user_1","StrongAccept (>=0.97)","2025-10-12T00:12:14.242",1
611,"Registered user_1","StrongAccept (>=0.97)","2025-10-12T00:12:12.978",1
610,"Registered user_1","StrongAccept (>=0.97)","2025-10-12T00:12:11.793",1
609,"Registered user_1","StrongAccept (>=0.97)","2025-10-12T00:12:10.525",1
608,"Unknown","StrongAccept (>=0.97)","2025-10-11T23:58:29.166",1
607,"Unknown","StrongAccept (>=0.97)","2025-10-11T21:01:14.161",1
606,"Registered user_1","MarginAccept (best>=0.93 && gap>=0.03)","2025-10-11T20:54:26.220",1
605,"Registered user_1","StrongAccept (>=0.97)","2025-10-11T20:54:22.490",1
604,"Registered user_1","StrongAccept (>=0.97)","2025-10-11T20:54:21.210",1
603,"Registered user_1","StrongAccept (>=0.97)","2025-10-11T20:54:20.020",1
602,"Registered user_1","StrongAccept (>=0.97)","2025-10-11T20:54:18.770",1
601,"Registered user_1","StrongAccept (>=0.97)","2025-10-11T20:54:17.518",1
600,"Registered user_1","StrongAccept (>=0.97)","2025-10-11T20:54:16.229",1
599,"Registered user_1","StrongAccept (>=0.97)","2025-10-11T20:54:14.818",1
598,"Registered user_1","StrongAccept (>=0.97)","2025-10-11T20:54:13.595",1
597,"Registered user_1","StrongAccept (>=0.97)","2025-10-11T20:54:12.199",1
596,"Registered user_1","StrongAccept (>=0.97)","2025-10-11T20:54:11.010",1
595,"Registered user_1","StrongAccept (>=0.97)","2025-10-11T20:54:09.819",1
594,"Registered user_1","StrongAccept (>=0.97)","2025-10-11T20:54:08.545",1
593,"Registered user_1","StrongAccept (>=0.97)","2025-10-11T20:54:04.754",1
592,"Unknown","MarginAccept (best>=0.93 && gap>=0.03)","2025-10-11T20:54:03.438",1
591,"Registered user_1","MarginAccept (best>=0.93 && gap>=0.03)","2025-10-11T20:54:02.197",1
590,"Registered user_1","StrongAccept (>=0.97)","2025-10-11T20:54:00.946",1
589,"Registered user_1","MarginAccept (best>=0.93 && gap>=0.03)","2025-10-11T20:53:59.748",1
588,"Registered user_1","StrongAccept (>=0.97)","2025-10-11T20:53:58.575",1
587,"Unknown","StrongAccept (>=0.97)","2025-10-11T20:53:57.334",1
586,"Registered user_1","StrongAccept (>=0.97)","2025-10-11T20:53:53.473",1
585,"Registered user_1","StrongAccept (>=0.97)","2025-10-11T20:53:52.211",1
584,"Unknown","StrongAccept (>=0.97)","2025-10-11T19:54:25.529",1
583,"Unknown","StrongAccept (>=0.97)","2025-10-11T19:54:22.921",1
582,"oo","StrongAccept (>=0.97)","2025-10-11T19:25:28.443",1
581,"oo","StrongAccept (>=0.97)","2025-10-11T19:25:27.206",1
580,"oo","StrongAccept (>=0.97)","2025-10-11T19:25:26.049",1
579,"oo","StrongAccept (>=0.97)","2025-10-11T19:07:43.132",1
578,"oo","StrongAccept (>=0.97)","2025-10-11T19:07:41.886",1
577,"oo","StrongAccept (>=0.97)","2025-10-11T19:07:40.720",1
576,"oo","StrongAccept (>=0.97)","2025-10-11T19:07:39.478",1
575,"oo","StrongAccept (>=0.97)","2025-10-11T19:07:38.306",1
574,"Unknown","StrongAccept (>=0.97)","2025-10-11T19:07:37.061",1
573,"oo","StrongAccept (>=0.97)","2025-10-11T19:07:35.811",1
572,"oo","StrongAccept (>=0.97)","2025-10-11T19:07:34.566",1
571,"oo","StrongAccept (>=0.97)","2025-10-11T19:07:33.318",1
570,"oo","StrongAccept (>=0.97)","2025-10-11T19:07:32.073",1
569,"oo","StrongAccept (>=0.97)","2025-10-11T19:07:30.826",1
568,"oo","StrongAccept (>=0.97)","2025-10-11T19:07:29.645",1
567,"oo","StrongAccept (>=0.97)","2025-10-11T19:07:28.459",1
566,"Unknown","StrongAccept (>=0.97)","2025-10-11T19:07:27.205",1
565,"oo","StrongAccept (>=0.97)","2025-10-11T19:07:26.030",1
564,"oo","StrongAccept (>=0.97)","2025-10-11T19:07:24.773",1
563,"oo","StrongAccept (>=0.97)","2025-10-11T19:07:23.600",1
562,"oo","StrongAccept (>=0.97)","2025-10-11T19:07:08.307",1
561,"Unknown","StrongAccept (>=0.97)","2025-10-11T19:06:54.848",1
560,"oo","StrongAccept (>=0.97)","2025-10-11T19:06:51.856",1
559,"oo","StrongAccept (>=0.97)","2025-10-11T19:06:47.315",1
558,"Unknown","StrongAccept (>=0.97)","2025-10-11T16:02:14.733",1
557,"yiynbg","StrongAccept (>=0.97)","2025-10-11T16:02:04.935",1
556,"yiynbg","StrongAccept (>=0.97)","2025-10-11T16:02:03.675",1
555,"yiynbg","StrongAccept (>=0.97)","2025-10-11T16:02:02.498",1
554,"yiynbg","StrongAccept (>=0.97)","2025-10-11T16:02:01.243",1
553,"yiynbg","StrongAccept (>=0.97)","2025-10-11T16:01:59.986",1
552,"yiynbg","StrongAccept (>=0.97)","2025-10-11T03:07:51.020",1
551,"yiynbg","StrongAccept (>=0.97)","2025-10-11T03:07:49.840",1
550,"yiynbg","StrongAccept (>=0.97)","2025-10-11T03:07:48.663",1
549,"yiynbg","StrongAccept (>=0.97)","2025-10-11T03:07:46.482",1
548,"yiynbg","StrongAccept (>=0.97)","2025-10-11T03:07:45.229",1
547,"yiynbg","StrongAccept (>=0.97)","2025-10-11T03:07:44.051",1
546,"yiynbg","StrongAccept (>=0.97)","2025-10-11T03:07:42.117",1
545,"yiynbg","StrongAccept (>=0.97)","2025-10-11T03:07:40.480",1
544,"yiynbg","StrongAccept (>=0.97)","2025-10-11T03:07:39.303",1
543,"yiynbg","StrongAccept (>=0.97)","2025-10-11T03:07:38.051",1
542,"yiynbg","StrongAccept (>=0.97)","2025-10-11T03:07:36.874",1
541,"yiynbg","StrongAccept (>=0.97)","2025-10-11T03:07:35.703",1
540,"yiynbg","StrongAccept (>=0.97)","2025-10-11T03:07:34.533",1
539,"yiynbg","StrongAccept (>=0.97)","2025-10-11T03:07:33.360",1
538,"yiynbg","StrongAccept (>=0.97)","2025-10-11T03:07:32.189",1
537,"Unknown","StrongAccept (>=0.97)","2025-10-11T03:07:27.639",1
536,"Unknown","StrongAccept (>=0.97)","2025-10-11T03:07:26.527",1
535,"Unknown","StrongAccept (>=0.97)","2025-10-11T03:07:25.401",1
534,"Unknown","StrongAccept (>=0.97)","2025-10-11T03:07:24.286",1
533,"Unknown","StrongAccept (>=0.97)","2025-10-11T03:07:23.154",1
532,"Unknown","StrongAccept (>=0.97)","2025-10-11T03:07:22.046",1
531,"Unknown","StrongAccept (>=0.97)","2025-10-11T03:07:20.684",1
530,"Unknown","StrongAccept (>=0.97)","2025-10-11T03:07:19.590",1
529,"Unknown","StrongAccept (>=0.97)","2025-10-11T03:07:18.495",1
528,"Unknown","StrongAccept (>=0.97)","2025-10-11T03:07:17.363",1
527,"Unknown","StrongAccept (>=0.97)","2025-10-11T03:07:16.250",1
526,"Unknown","StrongAccept (>=0.97)","2025-10-11T03:07:15.139",1
525,"Unknown","StrongAccept (>=0.97)","2025-10-11T03:07:14.020",1
524,"Unknown","StrongAccept (>=0.97)","2025-10-11T03:07:12.684",1
523,"Unknown","StrongAccept (>=0.97)","2025-10-11T03:07:11.514",1
522,"Unknown","StrongAccept (>=0.97)","2025-10-11T03:07:10.411",1
521,"Unknown","StrongAccept (>=0.97)","2025-10-11T03:07:09.303",1
520,"Unknown","StrongAccept (>=0.97)","2025-10-11T03:07:07.725",1
519,"Unknown","StrongAccept (>=0.97)","2025-10-11T03:07:06.613",1
518,"Unknown","StrongAccept (>=0.97)","2025-10-11T03:07:05.503",1
517,"yiynbg","StrongAccept (>=0.97)","2025-10-11T03:07:04.341",1
516,"yiynbg","StrongAccept (>=0.97)","2025-10-11T03:07:03.229",1
515,"Unknown","StrongAccept (>=0.97)","2025-10-11T03:07:00.826",1
514,"Unknown","StrongAccept (>=0.97)","2025-10-11T03:06:59.698",1
513,"Unknown","StrongAccept (>=0.97)","2025-10-11T03:06:58.600",1
512,"Unknown","StrongAccept (>=0.97)","2025-10-11T03:06:57.494",1
511,"Unknown","StrongAccept (>=0.97)","2025-10-11T03:06:56.367",1
510,"Unknown","StrongAccept (>=0.97)","2025-10-11T03:06:40.511",1
509,"Unknown","StrongAccept (>=0.97)","2025-10-11T03:06:39.332",1
508,"yiynbg","StrongAccept (>=0.97)","2025-10-11T03:06:38.100",1
507,"yiynbg","StrongAccept (>=0.97)","2025-10-11T03:06:36.925",1
506,"yiynbg","StrongAccept (>=0.97)","2025-10-11T03:06:35.749",1
505,"yiynbg","StrongAccept (>=0.97)","2025-10-11T03:06:34.435",1
504,"yiynbg","StrongAccept (>=0.97)","2025-10-11T03:06:33.204",1
503,"yiynbg","StrongAccept (>=0.97)","2025-10-11T03:06:32.054",1
502,"yiynbg","StrongAccept (>=0.97)","2025-10-11T03:06:30.836",1
501,"yiynbg","StrongAccept (>=0.97)","2025-10-11T03:06:29.615",1
500,"yiynbg","StrongAccept (>=0.97)","2025-10-11T03:06:28.470",1
499,"yiynbg","StrongAccept (>=0.97)","2025-10-11T03:06:27.253",1
498,"yiynbg","StrongAccept (>=0.97)","2025-10-11T03:06:26.021",1
497,"yiynbg","StrongAccept (>=0.97)","2025-10-11T03:06:24.803",1
496,"Unknown","StrongAccept (>=0.97)","2025-10-11T03:06:23.576",1
495,"yiynbg","StrongAccept (>=0.97)","2025-10-11T03:05:44.684",1
494,"Unknown","StrongAccept (>=0.97)","2025-10-11T03:05:42.800",1
493,"Unknown","StrongAccept (>=0.97)","2025-10-11T03:05:41.574",1
492,"Unknown","StrongAccept (>=0.97)","2025-10-11T03:05:40.419",1
491,"yiynbg","StrongAccept (>=0.97)","2025-10-11T03:05:30.588",1
490,"yiynbg","StrongAccept (>=0.97)","2025-10-11T03:05:29.417",1
489,"Unknown","StrongAccept (>=0.97)","2025-10-11T03:05:28.195",1
488,"yiynbg","StrongAccept (>=0.97)","2025-10-11T03:05:26.947",1
487,"yiynbg","StrongAccept (>=0.97)","2025-10-11T03:05:25.535",1
486,"Unknown","StrongAccept (>=0.97)","2025-10-11T03:05:24.283",1
485,"Unknown","StrongAccept (>=0.97)","2025-10-11T03:05:23.120",1
484,"yiynbg","StrongAccept (>=0.97)","2025-10-11T03:05:16.373",1
483,"yiynbg","StrongAccept (>=0.97)","2025-10-11T03:05:15.154",1
482,"yiynbg","StrongAccept (>=0.97)","2025-10-11T03:05:13.941",1
481,"yiynbg","StrongAccept (>=0.97)","2025-10-11T03:05:12.718",1
480,"yiynbg","StrongAccept (>=0.97)","2025-10-11T03:05:11.269",1
479,"Unknown","StrongAccept (>=0.97)","2025-10-11T03:05:10.040",1
478,"Unknown","StrongAccept (>=0.97)","2025-10-11T03:05:08.676",1
477,"Unknown","StrongAccept (>=0.97)","2025-10-11T03:05:07.460",1
476,"yiynbg","StrongAccept (>=0.97)","2025-10-11T03:05:06.238",1
475,"yiynbg","StrongAccept (>=0.97)","2025-10-11T03:05:05.019",1
474,"yiynbg","StrongAccept (>=0.97)","2025-10-11T03:05:03.873",1
473,"yiynbg","StrongAccept (>=0.97)","2025-10-11T03:05:02.719",1
472,"yiynbg","StrongAccept (>=0.97)","2025-10-11T03:05:01.494",1
471,"Unknown","StrongAccept (>=0.97)","2025-10-11T03:05:00.342",1
470,"yiynbg","StrongAccept (>=0.97)","2025-10-11T03:04:59.119",1
469,"yiynbg","StrongAccept (>=0.97)","2025-10-11T03:04:57.898",1
468,"yiynbg","StrongAccept (>=0.97)","2025-10-11T03:04:56.748",1
467,"yiynbg","StrongAccept (>=0.97)","2025-10-11T03:04:55.534",1
466,"yiynbg","StrongAccept (>=0.97)","2025-10-11T03:04:54.317",1
465,"Unknown","StrongAccept (>=0.97)","2025-10-11T03:04:53.166",1
464,"yiynbg","StrongAccept (>=0.97)","2025-10-11T03:04:36.230",1
463,"yiynbg","StrongAccept (>=0.97)","2025-10-11T03:04:34.812",1
462,"yiynbg","StrongAccept (>=0.97)","2025-10-11T03:04:32.230",1
461,"Unknown","StrongAccept (>=0.97)","2025-10-11T03:04:28.390",1
460,"Unknown","StrongAccept (>=0.97)","2025-10-11T03:04:26.996",1
459,"Unknown","StrongAccept (>=0.97)","2025-10-11T03:04:25.753",1
458,"Unknown","StrongAccept (>=0.97)","2025-10-11T03:04:24.582",1
457,"Unknown","StrongAccept (>=0.97)","2025-10-11T03:04:23.408",1
456,"Unknown","StrongAccept (>=0.97)","2025-10-11T03:04:22.143",1
455,"Unknown","StrongAccept (>=0.97)","2025-10-11T03:04:20.898",1
454,"yiynbg","StrongAccept (>=0.97)","2025-10-11T03:04:13.555",1
453,"yiynbg","StrongAccept (>=0.97)","2025-10-11T03:04:12.333",1
452,"yiynbg","StrongAccept (>=0.97)","2025-10-11T03:04:11.190",1
451,"Unknown","StrongAccept (>=0.97)","2025-10-11T03:04:00.220",1
450,"yiynbg","StrongAccept (>=0.97)","2025-10-11T03:03:33.475",1
449,"yiynbg","StrongAccept (>=0.97)","2025-10-11T03:03:32.290",1
448,"yiynbg","StrongAccept (>=0.97)","2025-10-11T03:03:31.104",1
447,"yiynbg","StrongAccept (>=0.97)","2025-10-11T03:03:29.919",1
446,"yiynbg","StrongAccept (>=0.97)","2025-10-11T03:03:28.734",1
445,"yiynbg","StrongAccept (>=0.97)","2025-10-11T03:03:27.549",1
444,"yiynbg","StrongAccept (>=0.97)","2025-10-11T03:03:26.372",1
443,"yiynbg","StrongAccept (>=0.97)","2025-10-11T03:03:25.190",1
442,"yiynbg","StrongAccept (>=0.97)","2025-10-11T03:03:24.006",1
441,"YOUNG","MarginAccept (best>=0.93 && gap>=0.03)","2025-10-11T03:03:04.488",1
440,"YOUNG","MarginAccept (best>=0.93 && gap>=0.03)","2025-10-11T03:03:03.329",1
439,"Unknown","MarginAccept (best>=0.93 && gap>=0.03)","2025-10-11T03:03:02.177",1
438,"YOUNG","MarginAccept (best>=0.93 && gap>=0.03)","2025-10-11T03:03:01.024",1
437,"YOUNG","MarginAccept (best>=0.93 && gap>=0.03)","2025-10-11T03:00:57.615",1
436,"YOUNG","MarginAccept (best>=0.93 && gap>=0.03)","2025-10-11T03:00:56.454",1
435,"YOUNG","MarginAccept (best>=0.93 && gap>=0.03)","2025-10-11T03:00:55.303",1
434,"YOUNG","MarginAccept (best>=0.93 && gap>=0.03)","2025-10-11T03:00:54.068",1
433,"YOUNG","MarginAccept (best>=0.93 && gap>=0.03)","2025-10-11T03:00:52.817",1
432,"YOUNG","MarginAccept (best>=0.93 && gap>=0.03)","2025-10-11T03:00:51.658",1
431,"YOUNG","MarginAccept (best>=0.93 && gap>=0.03)","2025-10-11T03:00:50.487",1
430,"YOUNG","StrongAccept (>=0.97)","2025-10-11T03:00:48.180",1
429,"YOUNG","MarginAccept (best>=0.93 && gap>=0.03)","2025-10-11T02:59:01.313",1
428,"YOUNG","MarginAccept (best>=0.93 && gap>=0.03)","2025-10-11T02:59:00.230",1
427,"YOUNG","MarginAccept (best>=0.93 && gap>=0.03)","2025-10-11T02:58:57.657",1
426,"YOUNG","MarginAccept (best>=0.93 && gap>=0.03)","2025-10-11T02:58:56.072",1
425,"YOUNG","MarginAccept (best>=0.93 && gap>=0.03)","2025-10-11T02:58:54.968",1
424,"YOUNG","MarginAccept (best>=0.93 && gap>=0.03)","2025-10-11T02:58:53.882",1
423,"YOUNG","MarginAccept (best>=0.93 && gap>=0.03)","2025-10-11T02:58:52.798",1
422,"YOUNG","MarginAccept (best>=0.93 && gap>=0.03)","2025-10-11T02:58:49.810",1
421,"YOUNG","StrongAccept (>=0.97)","2025-10-11T02:58:47.128",1
420,"YOUNG","MarginAccept (best>=0.93 && gap>=0.03)","2025-10-11T02:58:44.197",1
419,"YOUNG","MarginAccept (best>=0.93 && gap>=0.03)","2025-10-11T02:58:41.365",1
418,"YOUNG","StrongAccept (>=0.97)","2025-10-11T02:58:21.945",1
417,"YOUNG","MarginAccept (best>=0.93 && gap>=0.03)","2025-10-11T02:58:20.871",1
416,"YOUNG","MarginAccept (best>=0.93 && gap>=0.03)","2025-10-11T02:58:19.789",1
415,"YOUNG","MarginAccept (best>=0.93 && gap>=0.03)","2025-10-11T02:58:18.383",1
414,"YOUNG","MarginAccept (best>=0.93 && gap>=0.03)","2025-10-11T02:58:17.281",1
413,"Unknown","MarginAccept (best>=0.93 && gap>=0.03)","2025-10-11T02:58:16.157",1
412,"Unknown","MarginAccept (best>=0.93 && gap>=0.03)","2025-10-11T02:58:09.712",1
411,"YOUNG","MarginAccept (best>=0.93 && gap>=0.03)","2025-10-11T02:58:08.635",1
410,"YOUNG","MarginAccept (best>=0.93 && gap>=0.03)","2025-10-11T02:56:43.232",1
409,"YOUNG","MarginAccept (best>=0.93 && gap>=0.03)","2025-10-11T02:56:42.001",1
408,"YOUNG","MarginAccept (best>=0.93 && gap>=0.03)","2025-10-11T02:56:40.859",1
407,"YOUNG","MarginAccept (best>=0.93 && gap>=0.03)","2025-10-11T02:56:39.700",1
406,"YOUNG","MarginAccept (best>=0.93 && gap>=0.03)","2025-10-11T02:56:38.471",1
405,"YOUNG","MarginAccept (best>=0.93 && gap>=0.03)","2025-10-11T02:56:37.252",1
404,"YOUNG","MarginAccept (best>=0.93 && gap>=0.03)","2025-10-11T02:56:36.122",1
403,"YOUNG","StrongAccept (>=0.97)","2025-10-11T02:56:35.044",1
402,"YOUNG","StrongAccept (>=0.97)","2025-10-11T02:56:33.787",1
401,"YOUNG","MarginAccept (best>=0.93 && gap>=0.03)","2025-10-11T02:22:34.382",1
400,"YOUNG","MarginAccept (best>=0.93 && gap>=0.03)","2025-10-11T02:22:29.349",1
399,"YOUNG","MarginAccept (best>=0.93 && gap>=0.03)","2025-10-11T02:22:12.174",1
398,"YOUNG","MarginAccept (best>=0.93 && gap>=0.03)","2025-10-11T02:22:10.745",1
397,"YOUNG","MarginAccept (best>=0.93 && gap>=0.03)","2025-10-11T02:22:09.571",1
396,"YOUNG","StrongAccept (>=0.97)","2025-10-11T02:22:08.369",1
395,"YOUNG","MarginAccept (best>=0.93 && gap>=0.03)","2025-10-11T02:21:59.942",1
394,"YOUNG","MarginAccept (best>=0.93 && gap>=0.03)","2025-10-11T02:21:58.724",1
393,"YOUNG","MarginAccept (best>=0.93 && gap>=0.03)","2025-10-11T02:21:57.542",1
392,"Unknown","MarginAccept (best>=0.93 && gap>=0.03)","2025-10-11T02:21:55.812",1
391,"YOUNG","MarginAccept (best>=0.93 && gap>=0.03)","2025-10-11T02:21:52.335",1
390,"YOUNG","MarginAccept (best>=0.93 && gap>=0.03)","2025-10-11T02:21:48.309",1
389,"YOUNG","StrongAccept (>=0.97)","2025-10-11T02:21:47.064",1
388,"YOUNG","StrongAccept (>=0.97)","2025-10-11T02:21:45.820",1
387,"YOUNG","MarginAccept (best>=0.93 && gap>=0.03)","2025-10-11T02:21:44.654",1
386,"YOUNG","StrongAccept (>=0.97)","2025-10-11T02:21:43.462",1
385,"YOUNG","StrongAccept (>=0.97)","2025-10-11T02:21:42.267",1
384,"YOUNG","StrongAccept (>=0.97)","2025-10-11T02:21:41.081",1
383,"YOUNG","StrongAccept (>=0.97)","2025-10-11T02:21:39.919",1
382,"YOUNG","StrongAccept (>=0.97)","2025-10-11T02:21:38.755",1
381,"YOUNG","MarginAccept (best>=0.93 && gap>=0.03)","2025-10-11T02:21:37.474",1
380,"YOUNG","StrongAccept (>=0.97)","2025-10-11T02:21:36.207",1
379,"YOUNG","StrongAccept (>=0.97)","2025-10-11T02:21:34.941",1
378,"YOUNG","StrongAccept (>=0.97)","2025-10-11T02:21:33.664",1
377,"YOUNG","MarginAccept (best>=0.93 && gap>=0.03)","2025-10-11T02:21:31.891",1
376,"YOUNG","MarginAccept (best>=0.93 && gap>=0.03)","2025-10-11T02:21:30.575",1
375,"YOUNG","MarginAccept (best>=0.93 && gap>=0.03)","2025-10-11T02:05:48.566",1
374,"YOUNG","MarginAccept (best>=0.93 && gap>=0.03)","2025-10-11T02:05:47.297",1
373,"YOUNG","StrongAccept (>=0.97)","2025-10-11T02:05:38.769",1
372,"YOUNG","MarginAccept (best>=0.93 && gap>=0.03)","2025-10-11T02:05:37.496",1
371,"YOUNG","StrongAccept (>=0.97)","2025-10-11T02:05:33.364",1
370,"YOUNG","StrongAccept (>=0.97)","2025-10-11T02:05:32.121",1
369,"YOUNG","MarginAccept (best>=0.93 && gap>=0.03)","2025-10-11T02:05:30.867",1
368,"YOUNG","StrongAccept (>=0.97)","2025-10-11T02:05:29.613",1
367,"YOUNG","StrongAccept (>=0.97)","2025-10-11T02:05:27.683",1
366,"r12","StrongAccept (>=0.97)","2025-10-11T02:05:25.785",1
365,"YOUNG","StrongAccept (>=0.97)","2025-10-11T02:05:12.521",1
364,"YOUNG","MarginAccept (best>=0.93 && gap>=0.03)","2025-10-11T02:05:11.279",1
363,"YOUNG","MarginAccept (best>=0.93 && gap>=0.03)","2025-10-11T02:05:10.050",1
362,"YOUNG","StrongAccept (>=0.97)","2025-10-11T02:05:08.809",1
361,"YOUNG","StrongAccept (>=0.97)","2025-10-11T02:04:57.822",1
360,"YOUNG","MarginAccept (best>=0.93 && gap>=0.03)","2025-10-11T02:04:53.469",1
359,"YOUNG","StrongAccept (>=0.97)","2025-10-11T02:04:52.255",1
358,"YOUNG","StrongAccept (>=0.97)","2025-10-11T02:04:51.041",1
357,"YOUNG","StrongAccept (>=0.97)","2025-10-11T02:04:49.769",1
356,"r12","MarginAccept (best>=0.93 && gap>=0.03)","2025-10-11T02:04:47.262",1
355,"r12","MarginAccept (best>=0.93 && gap>=0.03)","2025-10-11T02:04:36.907",1
354,"r12","MarginAccept (best>=0.93 && gap>=0.03)","2025-10-11T02:04:35.139",1
353,"YOUNG","StrongAccept (>=0.97)","2025-10-11T01:57:52.761",1
352,"YOUNG","StrongAccept (>=0.97)","2025-10-11T01:57:51.469",1
351,"YOUNG","StrongAccept (>=0.97)","2025-10-11T01:57:50.191",1
350,"YOUNG","StrongAccept (>=0.97)","2025-10-11T01:57:48.900",1
349,"YOUNG","StrongAccept (>=0.97)","2025-10-11T01:57:47.622",1
348,"YOUNG","StrongAccept (>=0.97)","2025-10-11T01:57:46.341",1
347,"YOUNG","StrongAccept (>=0.97)","2025-10-11T01:57:33.361",1
346,"YOUNG","StrongAccept (>=0.97)","2025-10-11T01:57:30.686",1
345,"YOUNG","StrongAccept (>=0.97)","2025-10-11T01:57:28.201",1
344,"YOUNG","StrongAccept (>=0.97)","2025-10-11T01:57:27.036",1
343,"YOUNG","StrongAccept (>=0.97)","2025-10-11T01:57:25.867",1
342,"YOUNG","StrongAccept (>=0.97)","2025-10-11T01:56:49.589",1
341,"YOUNG","StrongAccept (>=0.97)","2025-10-11T01:56:48.406",1
340,"YOUNG","StrongAccept (>=0.97)","2025-10-11T01:56:34.877",1
339,"YOUNG","StrongAccept (>=0.97)","2025-10-11T01:56:32.175",1
338,"YOUNG","StrongAccept (>=0.97)","2025-10-11T01:56:30.055",1
337,"YOUNG","StrongAccept (>=0.97)","2025-10-11T01:56:28.853",1
336,"YOUNG","StrongAccept (>=0.97)","2025-10-11T01:56:05.932",1
335,"YOUNG","StrongAccept (>=0.97)","2025-10-11T01:56:04.405",1
334,"YOUNG","StrongAccept (>=0.97)","2025-10-11T01:56:03.143",1
333,"YOUNG","StrongAccept (>=0.97)","2025-10-11T01:56:01.937",1
332,"YOUNG","StrongAccept (>=0.97)","2025-10-11T01:56:00.738",1
331,"YOUNG","StrongAccept (>=0.97)","2025-10-11T01:55:59.549",1
330,"YOUNG","StrongAccept (>=0.97)","2025-10-11T01:55:58.360",1
329,"YOUNG","StrongAccept (>=0.97)","2025-10-11T01:55:57.204",1
328,"YOUNG","StrongAccept (>=0.97)","2025-10-11T01:55:56.084",1
327,"YOUNG","StrongAccept (>=0.97)","2025-10-11T01:46:31.853",1
326,"YOUNG","Authenticate 5 times success -> Door open","2025-10-10T20:54:51.188",1
325,"YOUNG","Authenticate 5 times success -> Door open","2025-10-10T20:54:49.557",1
324,"YOUNG","Authenticate 5 times success -> Door open","2025-10-10T20:54:48.305",1
323,"YOUNG","Authenticate 5 times success -> Door open","2025-10-10T20:54:47.062",1
322,"YOUNG","StrongAccept (cos >= 0.95) -> Door open","2025-10-10T20:54:45.823",1
321,"YOUNG","Authenticate 5 times success -> Door open","2025-10-10T20:54:44.595",1
320,"YOUNG","Authenticate 5 times success -> Door open","2025-10-10T20:54:41.912",1
319,"YOUNG","StrongAccept (cos >= 0.95) -> Door open","2025-10-10T20:54:36.348",1
318,"YOUNG","StrongAccept (cos >= 0.95) -> Door open","2025-10-10T20:54:35.205",1
317,"YOUNG","Authenticate 5 times success -> Door open","2025-10-10T20:54:34.056",1
316,"YOUNG","StrongAccept (cos >= 0.95) -> Door open","2025-10-10T20:54:32.912",1
315,"YOUNG","StrongAccept (cos >= 0.95) -> Door open","2025-10-10T20:54:31.770",1
314,"YOUNG","StrongAccept (cos >= 0.95) -> Door open","2025-10-10T20:54:30.617",1
313,"YOUNG","StrongAccept (cos >= 0.95) -> Door open","2025-10-10T20:54:29.441",1
312,"YOUNG","StrongAccept (cos >= 0.95) -> Door open","2025-10-10T20:54:28.234",1
311,"YOUNG","StrongAccept (cos >= 0.95) -> Door open","2025-10-10T20:54:27.095",1
310,"YOUNG","StrongAccept (cos >= 0.95) -> Door open","2025-10-10T20:54:25.806",1
309,"YOUNG","StrongAccept (cos >= 0.95) -> Door open","2025-10-10T20:54:24.560",1
308,"YOUNG","StrongAccept (cos >= 0.95) -> Door open","2025-10-10T20:54:23.322",1
307,"YOUNG","Authenticate 5 times success -> Door open","2025-10-10T20:54:22.065",1
306,"YOUNG","Authenticate 5 times success -> Door open","2025-10-10T20:54:20.787",1
305,"YOUNG","Authenticate 5 times success -> Door open","2025-10-10T20:54:19.638",1
304,"YOUNG","Authenticate 5 times success -> Door open","2025-10-10T20:54:18.293",1
303,"YOUNG","StrongAccept (cos >= 0.95) -> Door open","2025-10-10T20:54:15.212",1
302,"YOUNG","Authenticate 5 times success -> Door open","2025-10-10T20:54:13.350",1
301,"YOUNG","Authenticate 5 times success -> Door open","2025-10-10T20:54:12.165",1
300,"YOUNG","StrongAccept (cos >= 0.95) -> Door open","2025-10-10T20:54:10.955",1
299,"YOUNG","Authenticate 5 times success -> Door open","2025-10-10T20:54:09.756",1
298,"YOUNG","Authenticate 5 times success -> Door open","2025-10-10T20:54:03.312",1
297,"YOUNG","Authenticate 5 times success -> Door open","2025-10-10T20:54:01.906",1
296,"YOUNG","Authenticate 5 times success -> Door open","2025-10-10T20:54:00.730",1
295,"YOUNG","StrongAccept (cos >= 0.95) -> Door open","2025-10-10T20:53:59.553",1
294,"YOUNG","StrongAccept (cos >= 0.95) -> Door open","2025-10-10T20:53:58.369",1
293,"YOUNG","StrongAccept (cos >= 0.95) -> Door open","2025-10-10T20:53:57.253",1
292,"YOUNG","StrongAccept (cos >= 0.95) -> Door open","2025-10-10T20:53:48.428",1
291,"YOUNG","StrongAccept (cos >= 0.95) -> Door open","2025-10-10T20:53:47.280",1
290,"YOUNG","StrongAccept (cos >= 0.95) -> Door open","2025-10-10T20:53:42.379",1
289,"YOUNG","StrongAccept (cos >= 0.95) -> Door open","2025-10-10T20:53:29.439",1
288,"YOUNG","StrongAccept (cos >= 0.95) -> Door open","2025-10-10T20:52:59.884",1
287,"YOUNG","StrongAccept (cos >= 0.95) -> Door open","2025-10-10T20:52:58.632",1
286,"YOUNG","StrongAccept (cos >= 0.95) -> Door open","2025-10-10T20:52:57.382",1
285,"YOUNG","StrongAccept (cos >= 0.95) -> Door open","2025-10-10T20:52:56.131",1
284,"YOUNG","StrongAccept (cos >= 0.95) -> Door open","2025-10-10T20:52:54.890",1
283,"YOUNG","StrongAccept (cos >= 0.95) -> Door open","2025-10-10T20:52:53.640",1
282,"YOUNG","StrongAccept (cos >= 0.95) -> Door open","2025-10-10T20:52:52.385",1
281,"YOUNG","StrongAccept (cos >= 0.95) -> Door open","2025-10-10T20:52:51.172",1
280,"YOUNG","StrongAccept (cos >= 0.95) -> Door open","2025-10-10T20:52:50.023",1
279,"YOUNG","StrongAccept (cos >= 0.95) -> Door open","2025-10-10T20:52:48.923",1
278,"YOUNG","StrongAccept (cos >= 0.95) -> Door open","2025-10-10T20:52:47.720",1
277,"YOUNG","StrongAccept (cos >= 0.95) -> Door open","2025-10-10T20:52:28.549",1
276,"YOUNG","StrongAccept (cos >= 0.95) -> Door open","2025-10-10T20:52:27.395",1
275,"YOUNG","StrongAccept (cos >= 0.95) -> Door open","2025-10-10T20:52:26.269",1
274,"YOUNG","Authenticate 5 times success -> Door open","2025-10-10T20:52:24.679",1
273,"YOUNG","StrongAccept (cos >= 0.95) -> Door open","2025-10-10T20:52:23.502",1
272,"YOUNG","StrongAccept (cos >= 0.95) -> Door open","2025-10-10T20:52:21.633",1
271,"YOUNG","StrongAccept (cos >= 0.95) -> Door open","2025-10-10T20:43:33.685",1
270,"YOUNG","StrongAccept (cos >= 0.95) -> Door open","2025-10-10T20:43:32.519",1
269,"YOUNG","StrongAccept (cos >= 0.95) -> Door open","2025-10-10T20:43:31.332",1
268,"YOUNG","StrongAccept (cos >= 0.95) -> Door open","2025-10-10T20:43:30.101",1
267,"YOUNG","StrongAccept (cos >= 0.95) -> Door open","2025-10-10T20:43:28.983",1
266,"YOUNG","Authenticate 5 times success -> Door open","2025-10-10T17:02:54.899",1
265,"YOUNG","Authenticate 5 times success -> Door open","2025-10-10T17:02:47.719",1
264,"YOUNG","Authenticate 5 times success -> Door open","2025-10-10T17:02:46.572",1
263,"YOUNG","Authenticate 5 times success -> Door open","2025-10-10T17:02:45.413",1
262,"YOUNG","Authenticate 5 times success -> Door open","2025-10-10T17:02:44.262",1
261,"YOUNG","Authenticate 5 times success -> Door open","2025-10-10T17:02:43.109",1
260,"YOUNG","Authenticate 5 times success -> Door open","2025-10-10T17:02:34.659",1
259,"YOUNG","Authenticate 5 times success -> Door open","2025-10-10T17:02:33.513",1
258,"YOUNG","Authenticate 5 times success -> Door open","2025-10-10T17:02:32.370",1
257,"YOUNG","Authenticate 5 times success -> Door open","2025-10-10T17:02:31.209",1
256,"YOUNG","Authenticate 5 times success -> Door open","2025-10-10T17:02:28.922",1
255,"YOUNG","Authenticate 5 times success -> Door open","2025-10-10T17:02:17.219",1
254,"YOUNG","Authenticate 5 times success -> Door open","2025-10-10T17:02:12.018",1
253,"YOUNG","Authenticate 5 times success -> Door open","2025-10-10T17:02:10.731",1
252,"YOUNG","Authenticate 5 times success -> Door open","2025-10-10T17:02:09.415",1
251,"YOUNG","Authenticate 5 times success -> Door open","2025-10-10T17:01:43.833",1
250,"YOUNG","Authenticate 5 times success -> Door open","2025-10-10T17:01:36.317",1
249,"YOUNG","Authenticate 5 times success -> Door open","2025-10-10T17:01:35.039",1
248,"YOUNG","Authenticate 5 times success -> Door open","2025-10-10T17:01:33.590",1
247,"YOUNG","Authenticate 5 times success -> Door open","2025-10-10T17:01:31.259",1
246,"YOUNG","Authenticate 5 times success -> Door open","2025-10-10T17:01:29.152",1
245,"YOUNG","Authenticate 5 times success -> Door open","2025-10-10T17:01:28.007",1
244,"YOUNG","Authenticate 5 times success -> Door open","2025-10-10T17:01:26.835",1
243,"YOUNG","Authenticate 5 times success -> Door open","2025-10-10T17:01:25.612",1
242,"YOUNG","Authenticate 5 times success -> Door open","2025-10-10T17:01:21.684",1
241,"YOUNG","Authenticate 5 times success -> Door open","2025-10-10T17:01:18.530",1
240,"YOUNG","Authenticate 5 times success -> Door open","2025-10-10T17:01:17.386",1
239,"YOUNG","Authenticate 5 times success -> Door open","2025-10-10T17:01:16.226",1
238,"YOUNG","Authenticate 5 times success -> Door open","2025-10-10T17:01:14.575",1
237,"YOUNG","Authenticate 5 times success -> Door open","2025-10-10T17:01:12.411",1
236,"YOUNG","Authenticate 5 times success -> Door open","2025-10-10T16:21:24.731",1
235,"YOUNG","Authenticate 5 times success -> Door open","2025-10-10T16:21:23.540",1
234,"YOUNG","Authenticate 5 times success -> Door open","2025-10-10T16:21:22.346",1
233,"YOUNG","Authenticate 5 times success -> Door open","2025-10-10T16:21:20.918",1
232,"YOUNG","Authenticate 5 times success -> Door open","2025-10-10T16:21:19.725",1
231,"YOUNG","Authenticate 5 times success -> Door open","2025-10-10T16:21:18.537",1
230,"YOUNG","Authenticate 5 times success -> Door open","2025-10-10T16:21:17.313",1
229,"YOUNG","Authenticate 5 times success -> Door open","2025-10-10T16:21:16.119",1
228,"YOUNG","Authenticate 5 times success -> Door open","2025-10-10T16:21:14.924",1
227,"YOUNG","Authenticate 5 times success -> Door open","2025-10-10T16:21:13.782",1
226,"YOUNG","Authenticate 5 times success -> Door open","2025-10-10T16:21:08.968",1
225,"YOUNG","Authenticate 5 times success -> Door open","2025-10-10T16:21:07.294",1
224,"YOUNG","Authenticate 5 times success -> Door open","2025-10-10T16:20:31.891",1
223,"YOUNG","Authenticate 5 times success -> Door open","2025-10-10T16:20:30.671",1
222,"YOUNG","Authenticate 5 times success -> Door open","2025-10-10T16:20:29.430",1
221,"YOUNG","Authenticate 5 times success -> Door open","2025-10-10T16:20:28.288",1
220,"YOUNG","Authenticate 5 times success -> Door open","2025-10-10T16:20:26.455",1
219,"YOUNG","Authenticate 5 times success -> Door open","2025-10-10T16:20:25.313",1
218,"YOUNG","Authenticate 5 times success -> Door open","2025-10-10T16:20:24.173",1
217,"YOUNG","Authenticate 5 times success -> Door open","2025-10-10T16:20:23.029",1
216,"YOUNG","Authenticate 5 times success -> Door open","2025-10-10T16:20:21.754",1
215,"YOUNG","Authenticate 5 times success -> Door open","2025-10-10T16:20:20.538",1
214,"YOUNG","Authenticate 5 times success -> Door open","2025-10-10T16:20:19.355",1
213,"YOUNG","Authenticate 5 times success -> Door open","2025-10-10T16:20:17.581",1
212,"YOUNG","Authenticate 5 times success -> Door open","2025-10-10T05:59:29.197",1
211,"YOUNG","Authenticate 5 times success -> Door open","2025-10-10T05:59:27.932",1
210,"YOUNG","Authenticate 5 times success -> Door open","2025-10-10T05:59:26.711",1
209,"YOUNG","Authenticate 5 times success -> Door open","2025-10-10T05:59:25.506",1
208,"YOUNG","Authenticate 5 times success -> Door open","2025-10-10T05:59:19.486",1
207,"YOUNG","Authenticate 5 times success -> Door open","2025-10-10T05:59:18.243",1
206,"YOUNG","Authenticate 5 times success -> Door open","2025-10-10T05:59:17.138",1
205,"YOUNG","Authenticate 5 times success -> Door open","2025-10-10T05:59:15.718",1
204,"YOUNG","Authenticate 5 times success -> Door open","2025-10-10T05:59:09.980",1
203,"YOUNG","Authenticate 5 times success -> Door open","2025-10-10T05:59:08.725",1
202,"YOUNG","Authenticate 5 times success -> Door open","2025-10-10T05:59:07.497",1
201,"YOUNG","Authenticate 5 times success -> Door open","2025-10-10T05:59:06.175",1
200,"YOUNG","Authenticate 5 times success -> Door open","2025-10-10T05:59:05.096",1
199,"YOUNG","Authenticate 5 times success -> Door open","2025-10-10T05:59:03.976",1
198,"YOUNG","Authenticate 5 times success -> Door open","2025-10-10T05:58:50.465",1
197,"YOUNG","Authenticate 5 times success -> Door open","2025-10-10T05:58:49.366",1
196,"YOUNG","Authenticate 5 times success -> Door open","2025-10-10T05:58:47.781",1
195,"YOUNG","Authenticate 5 times success -> Door open","2025-10-10T05:58:46.553",1
194,"YOUNG","Authenticate 5 times success -> Door open","2025-10-10T05:58:45.463",1
193,"YOUNG","Authenticate 5 times success -> Door open","2025-10-10T05:58:44.302",1
192,"YOUNG","Authenticate 5 times success -> Door open","2025-10-10T05:58:42.728",1
191,"YOUNG","Authenticate 5 times success -> Door open","2025-10-10T05:58:41.572",1
190,"YOUNG","Authenticate 5 times success -> Door open","2025-10-10T05:58:38.106",1
189,"YOUNG","Authenticate 5 times success -> Door open","2025-10-10T05:58:28.590",1
188,"YOUNG","Authenticate 5 times success -> Door open","2025-10-10T05:58:27.324",1
187,"YOUNG","Authenticate 5 times success -> Door open","2025-10-10T05:58:26.058",1
186,"YOUNG","Authenticate 5 times success -> Door open","2025-10-10T05:58:24.796",1
185,"YOUNG","Authenticate 5 times success -> Door open","2025-10-10T05:58:23.536",1
184,"YOUNG","Authenticate 5 times success -> Door open","2025-10-10T05:58:22.269",1
183,"YOUNG","Authenticate 5 times success -> Door open","2025-10-10T05:58:21.000",1
182,"YOUNG","Authenticate 5 times success -> Door open","2025-10-10T05:58:19.722",1
181,"YOUNG","Authenticate 5 times success -> Door open","2025-10-10T05:58:18.559",1
180,"YOUNG","Authenticate 5 times success -> Door open","2025-10-10T05:58:17.433",1
179,"YOUNG","Authenticate 5 times success -> Door open","2025-10-10T05:58:16.283",1
178,"YOUNG","Authenticate 5 times success -> Door open","2025-10-10T05:58:08.842",1
177,"YOUNG","Authenticate 5 times success -> Door open","2025-10-10T05:58:07.498",1
176,"YOUNG","Authenticate 5 times success -> Door open","2025-10-10T05:58:06.172",1
